_time,Afz,Roll,Vx,WindX,Yaw,AltitudeMonotonic,Pitch,Lat,Afx,RelativeAlt,Afy,Lon,Vy,AltitudeAmsl,CurrentDistance,WindY,Vz,AltitudeLocal,BatteryRemaining,Temperature,HazardLevel,Concentration,Bars,AgentId
2024-09-16 13:03:04+00:00,100.0,0.008249583,0.0,1.0756055,-2.225977,492.206,-0.027662229,467466225.0,0.0,8.0,0.0,75899046.0,0.0,574.8596,13.0,-0.51126385,0.0,-2.2280502,,,,,,
2024-09-16 13:03:05+00:00,100.0,0.008169327,0.0,1.0756063,-2.2260761,492.0818,-0.027764417,467466224.0,0.0,10.0,0.0,75899047.0,0.0,574.86224,13.0,-0.51126355,0.0,-2.2253792,70.0,2800.0,,,,
2024-09-16 13:03:06+00:00,100.0,0.008102127,0.0,1.0756078,-2.22646,492.17694,-0.027998172,467466224.0,0.0,12.0,0.0,75899048.0,0.0,574.86365,13.0,-0.511263,0.0,-2.2239816,,,,,,
2024-09-16 13:03:07+00:00,100.0,0.008241358,0.0,1.0756083,-2.2265308,492.23245,-0.02813277,467466223.0,0.0,9.0,0.0,75899048.0,0.0,574.8613,13.0,-0.5112627,0.0,-2.2262974,70.0,2800.0,,,,
2024-09-16 13:03:08+00:00,100.0,0.008133468,0.0,1.0756078,-2.2266417,492.0501,-0.028031716,467466223.0,0.0,4.0,0.0,75899049.0,0.0,574.8565,13.0,-0.51126295,0.0,-2.2311585,,,0.0,0.0,0.0,0.0
2024-09-16 13:03:09+00:00,100.0,0.00797497,0.0,1.075609,-2.2267427,492.27734,-0.027971745,467466223.0,0.0,2.0,0.0,75899051.0,0.0,574.8546,13.0,-0.51126206,0.0,-2.2330317,70.0,2800.0,,,,
2024-09-16 13:03:10+00:00,100.0,0.008024862,0.0,1.0756092,-2.2268646,492.26678,-0.027959254,467466222.0,0.0,7.0,0.0,75899052.0,0.0,574.8597,13.0,-0.51126164,0.0,-2.2279375,,,,,,
2024-09-16 13:03:11+00:00,100.0,0.008110808,0.0,1.0756102,-2.2269764,492.37778,-0.027945345,467466222.0,0.0,8.0,0.0,75899054.0,0.0,574.86127,13.0,-0.51126087,0.0,-2.226392,70.0,2800.0,,,,
2024-09-16 13:03:12+00:00,100.0,0.008025579,0.0,1.0756094,-2.2271483,492.47815,-0.028004048,467466222.0,0.0,15.0,0.0,75899055.0,0.0,574.868,13.0,-0.5112614,0.0,-2.2196567,,,,,,
2024-09-16 13:03:13+00:00,100.0,0.008102738,0.0,1.0756098,-2.2272072,492.4676,-0.028182885,467466222.0,0.0,22.0,0.0,75899057.0,0.0,574.87476,13.0,-0.51126105,0.0,-2.212867,70.0,2800.0,0.0,0.0,0.0,0.0
2024-09-16 13:03:14+00:00,100.0,0.007904189,0.0,1.0756092,-2.2273536,492.4676,-0.028149728,467466222.0,0.0,31.0,0.0,75899058.0,0.0,574.88367,13.0,-0.51126164,0.0,-2.2039955,,,,,,
2024-09-16 13:03:15+00:00,100.0,0.007952504,0.0,1.075608,-2.2273629,492.568,-0.028201368,467466223.0,0.0,37.0,0.0,75899060.0,0.0,574.8899,13.0,-0.5112629,0.0,-2.1977663,70.0,2800.0,,,,
2024-09-16 13:03:16+00:00,100.0,0.007890572,0.0,1.0756079,-2.2275128,492.40155,-0.028226588,467466224.0,0.0,50.0,0.0,75899063.0,0.0,574.9034,13.0,-0.5112626,0.0,-2.184256,,,,,,
2024-09-16 13:03:17+00:00,100.0,0.008002681,0.0,1.0756078,-2.2276673,492.40945,-0.02833162,467466224.0,0.0,48.0,0.0,75899065.0,0.0,574.90094,13.0,-0.51126254,0.0,-2.1866913,70.0,2800.0,,,,
2024-09-16 13:03:18+00:00,100.0,0.008042649,0.0,1.0756047,-2.227511,492.39096,-0.028246049,467466225.0,0.0,2.0,0.0,75899067.0,0.0,574.9008,13.0,-0.5112659,0.0,-2.186809,,,0.0,0.0,0.0,0.0
2024-09-16 13:03:19+00:00,100.0,0.0079598315,0.0,1.0756047,-2.2278156,492.43057,-0.028334923,467466226.0,0.0,5.0,0.0,75899070.0,0.0,574.9044,13.0,-0.5112659,0.0,-2.1832507,70.0,2800.0,,,,
2024-09-16 13:03:20+00:00,100.0,0.00783693,0.0,1.0756037,-2.2278225,492.62875,-0.028267644,467466228.0,0.0,5.0,0.0,75899073.0,0.0,574.90356,13.0,-0.5112668,0.0,-2.184053,,,,,,
2024-09-16 13:03:21+00:00,100.0,0.008002723,0.0,1.0756044,-2.2279332,492.52573,-0.028240861,467466231.0,0.0,15.0,0.0,75899076.0,0.0,574.91376,13.0,-0.5112662,0.0,-2.173878,70.0,2800.0,,,,
2024-09-16 13:03:22+00:00,100.0,0.007941047,0.0,1.075603,-2.2278378,492.52838,-0.02832194,467466233.0,0.0,0.0,0.0,75899079.0,0.0,574.929,13.0,-0.511268,0.0,-2.1586034,,,,,,
2024-09-16 13:03:23+00:00,100.0,0.007928826,0.0,1.0756,-2.2276123,492.52838,-0.02855357,467466236.0,0.0,5.0,0.0,75899081.0,0.0,574.9342,13.0,-0.5112718,0.0,-2.153435,70.0,2800.0,0.0,0.0,0.0,0.0
2024-09-16 13:03:24+00:00,100.0,0.007881333,0.0,1.0756006,-2.2277794,492.3434,-0.028705414,467466238.0,0.0,13.0,0.0,75899083.0,0.0,574.9416,13.0,-0.51127106,0.0,-2.146037,,,,,,
2024-09-16 13:03:25+00:00,100.0,0.007786906,0.0,1.0756006,-2.2279067,492.51782,-0.02889238,467466241.0,0.0,16.0,0.0,75899085.0,0.0,574.94556,13.0,-0.5112711,0.0,-2.1420968,70.0,2800.0,,,,
2024-09-16 13:03:26+00:00,100.0,0.0077978214,0.0,1.0756027,-2.2281857,492.5812,-0.028782263,467466243.0,0.0,21.0,0.0,75899086.0,0.0,574.94995,13.0,-0.51126856,0.0,-2.1377122,,,,,,
2024-09-16 13:03:27+00:00,100.0,0.0078151105,0.0,1.075603,-2.228305,492.55478,-0.028728683,467466245.0,0.0,2.0,0.0,75899087.0,0.0,574.9524,13.0,-0.5112681,0.0,-2.135269,70.0,2800.0,,,,
2024-09-16 13:03:28+00:00,100.0,0.0076891,0.0,1.0756001,-2.2282746,492.46497,-0.02874766,467466247.0,0.0,9.0,0.0,75899088.0,0.0,574.95917,13.0,-0.51127166,0.0,-2.1284544,,,0.0,0.0,0.0,0.0
2024-09-16 13:03:29+00:00,100.0,0.0076047056,0.0,1.0755978,-2.2280724,492.46497,-0.028580317,467466249.0,0.0,13.0,0.0,75899089.0,0.0,574.9639,13.0,-0.5112748,0.0,-2.1237478,70.0,2800.0,,,,
2024-09-16 13:03:30+00:00,100.0,0.007492788,0.0,1.0755966,-2.2281435,492.68427,-0.02854336,467466251.0,0.0,12.0,0.0,75899090.0,0.0,574.9628,13.0,-0.51127654,0.0,-2.1248348,,,,,,
2024-09-16 13:03:31+00:00,100.0,0.0075541046,0.0,1.0755953,-2.228117,492.6129,-0.028471665,467466252.0,0.0,19.0,0.0,75899090.0,0.0,574.9695,13.0,-0.51127815,0.0,-2.1181915,70.0,2800.0,,,,
2024-09-16 13:03:32+00:00,100.0,0.0074322503,0.0,1.075596,-2.228299,492.57327,-0.02858165,467466254.0,0.0,21.0,0.0,75899091.0,0.0,574.971,13.0,-0.5112775,0.0,-2.116627,,,,,,
2024-09-16 13:03:33+00:00,100.0,0.0074911644,0.0,1.0755948,-2.2282434,492.55743,-0.028561354,467466255.0,0.0,3.0,0.0,75899091.0,0.0,574.9742,13.0,-0.5112792,0.0,-2.1134627,70.0,2800.0,0.0,0.0,0.0,0.0
2024-09-16 13:03:34+00:00,100.0,0.007493217,0.0,1.0755923,-2.2280726,492.55478,-0.028671328,467466255.0,0.0,-2.0,0.0,75899092.0,0.0,574.9684,13.0,-0.5112828,0.0,-2.119257,,,,,,
2024-09-16 13:03:35+00:00,100.0,0.007613752,0.0,1.075589,-2.2280035,492.4993,-0.028644823,467466255.0,0.0,-9.0,0.0,75899092.0,0.0,574.96173,13.0,-0.5112874,0.0,-2.1259115,70.0,2800.0,,,,
2024-09-16 13:03:36+00:00,100.0,0.0077962107,0.0,1.0755864,-2.2279725,492.4385,-0.02855111,467466255.0,0.0,-9.0,0.0,75899092.0,0.0,574.9612,13.0,-0.5112908,0.0,-2.1264915,,,,,,
2024-09-16 13:03:37+00:00,100.0,0.0079299575,0.0,1.0755852,-2.2279444,492.41473,-0.028382013,467466255.0,0.0,-7.0,0.0,75899091.0,0.0,574.96405,13.0,-0.5112922,0.0,-2.12357,70.0,2800.0,,,,
2024-09-16 13:03:38+00:00,100.0,0.008104933,0.0,1.0755832,-2.2278008,492.42267,-0.028154027,467466255.0,0.0,-10.0,0.0,75899091.0,0.0,574.961,13.0,-0.51129514,0.0,-2.126639,,,0.0,0.0,0.0,0.0
2024-09-16 13:03:39+00:00,100.0,0.008055223,0.0,1.0755788,-2.2275503,492.54688,-0.028003842,467466255.0,0.0,0.0,0.0,75899091.0,0.0,574.9715,13.0,-0.5113016,0.0,-2.1161783,70.0,2800.0,,,,
2024-09-16 13:03:40+00:00,100.0,0.0078090043,0.0,1.0755786,-2.2276647,492.43323,-0.028159346,467466254.0,0.0,1.0,0.0,75899092.0,0.0,574.97253,13.0,-0.5113017,0.0,-2.115095,,,,,,
2024-09-16 13:03:41+00:00,100.0,0.007908376,0.0,1.0755781,-2.2277486,492.4174,-0.028168377,467466254.0,0.0,2.0,0.0,75899091.0,0.0,574.97345,13.0,-0.5113023,0.0,-2.1141925,70.0,2800.0,,,,
2024-09-16 13:03:42+00:00,100.0,0.007880213,0.0,1.0755785,-2.2278337,492.67105,-0.028138299,467466253.0,0.0,-1.0,0.0,75899089.0,0.0,574.9695,13.0,-0.5113016,0.0,-2.118191,,,,,,
2024-09-16 13:03:43+00:00,100.0,0.0077022836,0.0,1.0755769,-2.2277822,492.5495,-0.028087521,467466252.0,0.0,0.0,0.0,75899088.0,0.0,574.9702,12.0,-0.5113041,0.0,-2.1174018,70.0,2800.0,0.0,0.0,0.0,0.0
2024-09-16 13:03:44+00:00,100.0,0.007640136,0.0,1.075576,-2.2277396,492.4544,-0.02810485,467466251.0,0.0,7.0,0.0,75899086.0,0.0,574.9788,13.0,-0.51130575,0.0,-2.1088545,,,,,,
2024-09-16 13:03:45+00:00,100.0,0.007687191,0.0,1.0755742,-2.2275329,492.5072,-0.028051328,467466250.0,0.0,14.0,0.0,75899086.0,0.0,574.98553,13.0,-0.51130825,0.0,-2.1020913,70.0,2800.0,,,,
2024-09-16 13:03:46+00:00,100.0,0.007568473,0.0,1.0755742,-2.227458,492.41473,-0.028023327,467466249.0,0.0,11.0,0.0,75899085.0,0.0,574.9821,13.0,-0.51130825,0.0,-2.1055517,,,,,,
2024-09-16 13:03:47+00:00,100.0,0.0075434567,0.0,1.0755731,-2.2273955,492.52573,-0.028078359,467466248.0,0.0,6.0,0.0,75899085.0,0.0,574.9771,12.0,-0.51131016,0.0,-2.1105046,70.0,2800.0,,,,
2024-09-16 13:03:48+00:00,100.0,0.00750661,0.0,1.0755712,-2.2272353,492.5495,-0.028080473,467466246.0,0.0,0.0,0.0,75899084.0,0.0,574.9717,13.0,-0.51131314,0.0,-2.115987,,,0.0,0.0,0.0,0.0
2024-09-16 13:03:49+00:00,100.0,0.0076100877,0.0,1.0755701,-2.2271562,492.66843,-0.02798999,467466244.0,0.0,2.0,0.0,75899084.0,0.0,574.974,13.0,-0.5113146,0.0,-2.1136456,70.0,2800.0,,,,
2024-09-16 13:03:50+00:00,100.0,0.0077862204,0.0,1.0755696,-2.227041,492.57855,-0.027870458,467466243.0,0.0,6.0,0.0,75899083.0,0.0,574.98175,13.0,-0.51131546,0.0,-2.1058767,,,,,,
2024-09-16 13:03:51+00:00,100.0,0.007993416,0.0,1.0755702,-2.227098,492.49664,-0.027915183,467466242.0,0.0,20.0,0.0,75899082.0,0.0,574.9955,12.0,-0.5113145,0.0,-2.0921743,70.0,2800.0,,,,
2024-09-16 13:03:52+00:00,100.0,0.007867823,0.0,1.0755688,-2.226932,492.41473,-0.027951328,467466241.0,0.0,30.0,0.0,75899080.0,0.0,575.0056,13.0,-0.51131666,0.0,-2.082016,,,,,,
2024-09-16 13:03:53+00:00,100.0,0.0078044897,0.0,1.0755674,-2.226875,492.44116,-0.027983576,467466240.0,0.0,32.0,0.0,75899079.0,0.0,575.0075,13.0,-0.51131904,0.0,-2.0801444,70.0,2800.0,0.0,0.0,0.0,0.0
2024-09-16 13:03:54+00:00,100.0,0.007847041,0.0,1.0755677,-2.2269857,492.71594,-0.02808643,467466238.0,0.0,35.0,0.0,75899079.0,0.0,575.01,13.0,-0.51131856,0.0,-2.07763,,,,,,
2024-09-16 13:03:55+00:00,100.0,0.008009337,0.0,1.0755692,-2.227005,492.68427,-0.028152969,467466236.0,0.0,47.0,0.0,75899080.0,0.0,575.02203,13.0,-0.5113163,0.0,-2.065606,70.0,2800.0,,,,
2024-09-16 13:03:56+00:00,100.0,0.008084733,0.0,1.0755692,-2.2270153,492.64462,-0.028158816,467466235.0,0.0,2.0,0.0,75899081.0,0.0,575.02246,13.0,-0.51131594,0.0,-2.0651855,,,,,,
2024-09-16 13:03:57+00:00,100.0,0.008123528,0.0,1.0755703,-2.2269845,492.63406,-0.028107194,467466234.0,0.0,3.0,0.0,75899081.0,0.0,575.02313,13.0,-0.5113142,0.0,-2.064509,70.0,2800.0,,,,
2024-09-16 13:03:58+00:00,100.0,0.008156242,0.0,1.0755682,-2.2268822,492.53894,-0.027855208,467466233.0,0.0,0.0,0.0,75899081.0,0.0,575.0202,13.0,-0.51131755,0.0,-2.0674298,,,0.0,0.0,0.0,0.0
2024-09-16 13:03:59+00:00,100.0,0.007935551,0.0,1.0755643,-2.2262495,492.24036,-0.027925197,467466232.0,0.0,10.0,0.0,75899081.0,0.0,575.03046,13.0,-0.51132363,0.0,-2.0571904,70.0,2800.0,,,,
2024-09-16 13:04:00+00:00,6.423277,0.0071534854,0.0,1.0755618,-2.226158,491.37103,-0.02677428,467466231.0,0.004268855,9.0,-0.016876591,75899081.0,-0.0019182962,575.0298,13.0,-0.5113277,0.5232732,-2.0578876,,,,,,
2024-09-16 13:04:01+00:00,4.0557165,0.006157602,0.0,1.0727779,-2.2264218,490.17932,-0.02591087,467466231.0,0.02403273,-5.0,-0.037074044,75899082.0,0.0,575.0237,13.0,-0.49475622,0.0,-2.0639799,70.0,2800.0,,,,
2024-09-16 13:04:02+00:00,-2.7428055,0.0018293321,1.0,1.0702039,-2.2310529,488.83176,0.0032631857,467466230.0,-0.038850248,1.0,-0.23339693,75899084.0,-0.018329464,575.03094,13.0,-0.47418106,-4.0,-2.0567122,,,,,,
2024-09-16 13:04:03+00:00,-4.128307,0.019148557,7.0,1.0638709,-2.2243807,492.11353,-0.018440533,467466232.0,-0.060585245,269.0,-0.5285954,75899093.0,-0.05330965,575.29944,12.0,-0.4505641,-0.8157208,-1.788227,70.0,2800.0,0.0,0.0,0.0,0.0
2024-09-16 13:04:04+00:00,-2.4023724,-0.031998843,-0.08262812,1.0645792,-2.1767397,494.0292,-0.02803866,467466240.0,-0.5465337,1114.0,-0.118399106,75899089.0,-0.04633472,576.14435,12.0,-0.4400382,-96.0,-0.9432985,,,,,,
2024-09-16 13:04:05+00:00,-2.1030855,-0.006969375,-0.061599515,1.0641997,-2.2169952,494.6924,-0.0017349,467466236.0,-0.06088467,1975.0,-0.019717872,75899082.0,-5.0,577.0055,12.0,-0.42807993,-0.78337574,-0.08214447,70.0,2800.0,,,,
2024-09-16 13:04:06+00:00,-2.6591094,-0.0068925982,-0.0004747532,1.0628848,-2.2073483,495.0518,-0.0038327258,467466231.0,-0.18142757,2327.0,-0.1574117,75899078.0,0.013221362,577.3568,12.0,-0.4221133,-29.0,0.26916924,,,,,,
2024-09-16 13:04:07+00:00,-1.4466338,-0.0029871254,-2.0,1.0519149,-2.205755,495.6727,-0.019029872,467466233.0,-0.16849357,3348.0,-0.1885344,75899081.0,-3.0,578.37823,12.0,-0.40669835,-1.8261454,1.2905965,70.0,2800.0,,,,
2024-09-16 13:04:08+00:00,2.4427152,-0.13112067,-6.0,1.0449315,-1.8780836,497.28455,0.040145736,467466233.0,-1.9703324,4581.0,2.7717147,75899077.0,0.35339764,579.6115,12.0,-0.3943728,-38.0,2.5238535,,,0.0,0.0,0.0,0.0
2024-09-16 13:04:09+00:00,0.6757077,-0.018673334,-0.9928152,1.0488273,-1.0900846,497.37173,0.08325143,467466177.0,-1.1206619,4780.0,2.378355,75899187.0,1.731132,579.81036,13.0,-0.390322,0.0794224,2.7226906,70.0,2800.0,,,,
2024-09-16 13:04:10+00:00,0.31284297,-0.013810641,-1.0678526,1.0554409,-0.2890462,497.28983,0.06602774,467466084.0,-1.423142,4679.0,0.9685414,75899417.0,141.0,579.70905,13.0,-0.38373286,-10.0,2.6214185,,,,,,
2024-09-16 13:04:11+00:00,0.41466293,0.059708912,-109.0,1.051967,0.10931596,497.7892,-0.0030192407,467465993.0,-0.096528366,4734.0,1.0076145,75899611.0,150.0,579.76416,12.0,-0.38340774,-0.11380814,2.676529,70.0,2800.0,,,,
2024-09-16 13:04:12+00:00,0.20352153,0.034776114,-1.0350558,1.0492877,-0.004910789,497.78128,0.037337653,467465905.0,-0.23731953,4826.0,0.43168902,75899819.0,165.0,579.8561,12.0,-0.3902498,-0.06279935,2.768407,,,,,,
2024-09-16 13:04:13+00:00,0.4065494,0.027452162,-98.0,1.0456475,0.0,497.61484,0.043702506,467465812.0,-0.47643074,4904.0,0.35394874,75900039.0,1.7054365,579.93414,12.0,-0.39368278,-3.0,2.8465152,70.0,2800.0,0.0,0.0,0.0,0.0
2024-09-16 13:04:14+00:00,0.17849588,-0.07895533,-0.6508842,1.042708,-0.0009519488,497.7364,-0.049523912,467465721.0,0.6571653,4956.0,-0.60452384,75900245.0,1.0946295,579.9856,12.0,-0.39664838,-1.0,2.8979743,,,,,,
2024-09-16 13:04:15+00:00,-0.15700798,-0.007606321,-37.0,1.0409124,-0.0016680504,497.64124,0.0010617964,467465669.0,0.059666917,4952.0,-0.103504926,75900357.0,65.0,579.98157,12.0,-0.40053564,0.0,2.8939078,70.0,2800.0,,,,
2024-09-16 13:04:16+00:00,0.2545946,-0.23668304,1.388267,1.0349838,0.0032448233,497.8315,-0.3001508,467465663.0,2.9448147,5004.0,-2.075581,75900394.0,-52.0,580.03394,12.0,-0.39811158,0.008985017,2.946318,,,,,,
2024-09-16 13:04:17+00:00,-0.36855242,0.074302524,173.0,1.0341102,0.0,497.79712,0.10401613,467465816.0,-1.2715442,4953.0,1.1608213,75900248.0,-0.9358654,579.9826,12.0,-0.4029919,2.0,2.894987,70.0,2800.0,,,,
2024-09-16 13:04:18+00:00,-0.148904,-0.021402327,1.5302202,1.0327867,0.0,497.54086,-0.00896075,467465956.0,0.28964204,4969.0,-0.106081635,75900118.0,-1.1607782,579.9986,12.0,-0.40109915,0.0,2.910958,,,0.0,0.0,0.0,0.0
2024-09-16 13:04:19+00:00,-0.1309826,-0.043687817,1.556112,1.0340306,-0.012549152,497.4933,-0.03189068,467466086.0,0.21490172,4983.0,-0.07726587,75899975.0,-1.1566827,580.0133,12.0,-0.396681,0.0,2.9256835,69.0,2800.0,,,,
2024-09-16 13:04:20+00:00,0.036562666,-0.019422354,147.0,1.0343705,-0.007089681,497.47214,0.003356787,467466224.0,0.18638414,4999.0,-0.48665896,75899827.0,-106.0,580.02905,12.0,-0.38983187,-1.0,2.9413948,,,,,,
2024-09-16 13:04:21+00:00,-0.1725255,-0.026438702,1.5710293,1.036104,0.0,497.5831,-0.020102711,467466358.0,0.79387414,5011.0,-0.6696143,75899681.0,-1.2376857,580.04083,12.0,-0.3904439,0.0092660645,2.9532135,69.0,2800.0,,,,
2024-09-16 13:04:22+00:00,-0.029492296,-0.01606666,144.0,1.038345,0.0,497.48273,-0.012290492,467466496.0,0.23961586,5001.0,-0.20973875,75899525.0,-112.0,580.03156,12.0,-0.38610068,0.0016610622,2.9438958,,,,,,
2024-09-16 13:04:23+00:00,0.003467258,-0.014223098,1.5968354,1.0367209,-0.0032381858,497.5752,-0.013897728,467466631.0,0.18993083,5001.0,-0.08077832,75899371.0,-123.0,580.0308,12.0,-0.38474536,-0.0016397752,2.9431689,69.0,2800.0,0.0,0.0,0.0,0.0
2024-09-16 13:04:24+00:00,-0.015086614,-0.00871754,148.0,1.0340317,0.0,497.414,-0.02127777,467466769.0,0.2324633,5004.0,-0.1954,75899218.0,-1.1389307,580.03424,12.0,-0.3823215,0.0041365623,2.9465802,,,,,,
2024-09-16 13:04:25+00:00,-0.038657416,0.034792762,1.5727022,1.033123,0.0,497.63068,0.08334736,467466910.0,-0.7983849,4997.0,0.2726019,75899068.0,-116.0,580.0274,12.0,-0.37887517,0.0,2.939771,69.0,2800.0,,,,
2024-09-16 13:04:26+00:00,-0.14831226,0.022152597,66.0,1.0329195,0.0,497.54877,0.033966552,467467005.0,0.2022075,4987.0,-0.2880904,75898960.0,-50.0,580.0175,12.0,-0.3762857,0.0,2.9298444,,,,,,
2024-09-16 13:04:27+00:00,-0.17349687,-0.061302416,0.61265737,1.0282346,-0.018012421,497.67032,0.1830665,467467064.0,-1.5958383,5001.0,-0.735891,75898895.0,-67.0,580.0314,12.0,-0.37751555,-0.0015811943,2.9437425,69.0,2800.0,,,,
2024-09-16 13:04:28+00:00,0.42487478,-0.14246543,-120.0,1.0241325,0.027315719,497.61746,0.017192647,467467023.0,1.2776597,5012.0,-0.45827678,75898777.0,-141.0,580.0424,12.0,-0.37417698,0.014898145,2.9547837,,,0.0,0.0,0.0,0.0
2024-09-16 13:04:29+00:00,0.322723,0.10696888,-7.0,1.0275569,0.018180376,497.72314,-0.007285005,467466956.0,0.08464438,5007.0,1.9531236,75898601.0,-58.0,580.03687,12.0,-0.36930993,3.0,2.9491909,69.0,2800.0,,,,
2024-09-16 13:04:30+00:00,-0.32083228,0.12939344,-1.1924882,1.0332015,0.0,497.5144,0.1612654,467466917.0,-2.4135835,4992.0,0.9215469,75898597.0,0.7387448,580.0219,12.0,-0.35633883,3.0,2.9342759,,,,,,
2024-09-16 13:04:31+00:00,0.24873012,-0.05743028,-1.7891036,1.0308444,0.0055872714,497.5752,-0.0445355,467466768.0,0.6286257,5001.0,-0.65472543,75898721.0,0.665867,580.0314,12.0,-0.34654582,-4.0,2.9437222,69.0,2800.0,,,,
2024-09-16 13:04:32+00:00,0.60720253,0.06830323,-139.0,1.0249183,0.0,497.4959,0.034297425,467466618.0,-0.4379748,5015.0,-0.28045943,75898818.0,118.0,580.0446,12.0,-0.3429197,0.017331412,2.956952,,,,,,
2024-09-16 13:04:33+00:00,0.38016862,0.017342374,-1.5648166,1.0260854,-0.016889276,497.6254,0.06074192,467466490.0,-0.6801966,5042.0,0.26505935,75898968.0,1.1297218,580.0716,12.0,-0.33621523,3.0,2.983928,69.0,2800.0,0.0,0.0,0.0,0.0
2024-09-16 13:04:34+00:00,0.28222045,-0.010511366,-1.5100764,1.0232339,0.0,497.63596,-0.0003569432,467466346.0,-0.17037508,5010.0,0.23665932,75899118.0,114.0,580.0401,12.0,-0.33731416,0.01036022,2.9524581,,,,,,
2024-09-16 13:04:35+00:00,-0.051997244,0.06941229,-1.4982086,1.01968,0.0040261387,497.62012,0.06904392,467466209.0,-0.35804686,4987.0,0.5676707,75899261.0,1.1955904,580.0175,12.0,-0.3437284,0.0,2.9298847,68.0,2800.0,,,,
2024-09-16 13:04:36+00:00,0.5116813,0.0065677525,-1.4699565,1.0121036,0.0,497.6069,-0.0010621548,467466068.0,-0.43479535,4992.0,0.23602766,75899419.0,116.0,580.0216,12.0,-0.35304803,-0.0056760795,2.9339418,,,,,,
2024-09-16 13:04:37+00:00,0.33165234,0.056884393,-146.0,1.0113429,-0.0071513318,497.6756,0.098563865,467465941.0,-1.3303156,5008.0,0.860865,75899566.0,115.0,580.0382,12.0,-0.3602757,2.0,2.9505825,68.0,2800.0,,,,
2024-09-16 13:04:38+00:00,0.12483069,0.05459815,-143.0,1.019526,-0.0049620518,497.39816,0.04859687,467465805.0,-0.8005033,5023.0,0.6790971,75899712.0,1.2064612,580.05347,12.0,-0.37233862,2.0,2.9658105,,,0.0,0.0,0.0,0.0
2024-09-16 13:04:39+00:00,0.03633064,0.029224832,-1.5808831,1.0240126,-0.01105623,497.8447,0.05900248,467465669.0,-0.84246206,5004.0,0.69155365,75899862.0,1.2250746,580.0336,12.0,-0.39360613,0.011318401,2.9460132,68.0,2800.0,,,,
2024-09-16 13:04:40+00:00,-0.01244247,-0.026011566,-0.8123608,1.024158,0.0,497.7628,-0.049827944,467465548.0,0.124889225,5011.0,-0.18489017,75899992.0,0.65575063,580.04095,12.0,-0.41025057,0.011055997,2.9533088,,,,,,
2024-09-16 13:04:41+00:00,-0.21018776,-0.045292955,-0.7370562,1.0214227,0.0,497.67297,0.06365836,467465487.0,-0.6572231,4985.0,0.17728633,75900067.0,0.57175845,580.01465,12.0,-0.41667432,-0.0032415404,2.9269927,68.0,2800.0,,,,
2024-09-16 13:04:42+00:00,-0.07676485,-0.1024622,-1.0478227,1.0245401,0.004903618,497.61218,0.1395883,467465421.0,-2.083836,4994.0,-0.16930747,75900027.0,-1.1746002,580.0243,12.0,-0.41961244,1.0,2.936671,,,,,,
2024-09-16 13:04:43+00:00,0.18464272,0.16573408,-0.8109183,1.0211388,0.01887795,497.44043,-0.13697396,467465323.0,1.998932,4976.0,2.2706811,75899858.0,-58.0,580.00586,12.0,-0.43079376,0.0,2.918242,68.0,2800.0,0.0,0.0,0.0,0.0
2024-09-16 13:04:44+00:00,-0.33759415,-0.03577073,0.7531751,1.0222654,0.0025877154,497.56992,-0.1773036,467465298.0,1.8386834,4991.0,-0.74754727,75899801.0,-0.67486453,580.02094,12.0,-0.43982717,0.0,2.9333127,,,,,,
2024-09-16 13:04:45+00:00,-0.1471908,-0.03726754,136.0,1.0233749,-0.0021635697,497.36642,0.078271456,467465400.0,-0.33892483,4978.0,-1.1136488,75899671.0,-169.0,580.00806,12.0,-0.44815984,-0.015743688,2.9204185,68.0,2800.0,,,,
2024-09-16 13:04:46+00:00,-0.4729765,0.074148074,137.0,1.023741,0.0,497.414,-0.12551343,467465512.0,0.6773018,4971.0,0.0075432956,75899467.0,-1.1483253,580.0007,12.0,-0.45226583,0.0,2.9130378,,,,,,
2024-09-16 13:04:47+00:00,-0.3260265,-0.032112367,1.5088866,1.0224509,0.008947135,497.50385,0.017965619,467465653.0,-0.16774184,4979.0,-0.4924507,75899331.0,-108.0,580.0087,12.0,-0.46275616,-0.027772903,2.9210827,68.0,2800.0,,,,
2024-09-16 13:04:48+00:00,-0.22058499,0.025403667,1.5615234,1.0237792,0.0,497.39288,0.0057396637,467465788.0,-0.47316685,4991.0,0.46312487,75899176.0,-1.1847131,580.0212,12.0,-0.46773568,-0.00797716,2.9335523,,,0.0,0.0,0.0,0.0
2024-09-16 13:04:49+00:00,-0.27233097,-0.011166529,149.0,1.0207969,0.017561203,497.40082,-0.021619033,467465924.0,0.33836162,4987.0,-0.24615967,75899028.0,-1.1719561,580.0172,12.0,-0.4807693,0.0,2.929541,68.0,2800.0,,,,
2024-09-16 13:04:50+00:00,-0.48179805,0.026755193,1.5131452,1.0213385,0.0,497.42194,0.034789898,467466064.0,0.027739473,4984.0,-0.0742006,75898876.0,-1.1713492,580.01447,12.0,-0.48568675,-0.015569767,2.9267962,,,,,,
2024-09-16 13:04:51+00:00,-0.19121091,-0.027351169,1.524693,1.0218526,0.0,497.7311,-0.040090386,467466197.0,0.27366757,4996.0,-0.23710503,75898729.0,-1.1768409,580.0263,12.0,-0.48769793,-0.008085489,2.938679,68.0,2800.0,,,,
2024-09-16 13:04:52+00:00,-0.19354084,0.008692994,1.4914333,1.0211143,0.0,497.39288,0.020142825,467466340.0,0.024629077,5003.0,-0.108136356,75898573.0,-114.0,580.03296,12.0,-0.49122253,0.003405023,2.9453118,,,,,,
2024-09-16 13:04:53+00:00,-0.17745961,-0.022987742,157.0,1.022701,0.0,497.6254,-0.034591403,467466475.0,0.68659925,5004.0,-0.3782796,75898422.0,-123.0,580.0343,12.0,-0.49011093,0.004221934,2.9466527,67.0,2800.0,0.0,0.0,0.0,0.0
2024-09-16 13:04:54+00:00,-0.1450111,0.08007415,98.0,1.0233309,0.0,497.63333,0.09525437,467466604.0,-0.7545517,4993.0,0.48315048,75898278.0,-0.6540827,580.0228,12.0,-0.49026334,0.0,2.9351633,,,,,,
2024-09-16 13:04:55+00:00,-0.15832728,-0.0441896,0.7027419,1.0243801,0.0,497.64124,-0.0062474576,467466670.0,0.33630413,5010.0,-0.27802855,75898208.0,-0.55716604,580.0398,12.0,-0.49150002,0.0033297627,2.9521565,67.0,2800.0,,,,
2024-09-16 13:04:56+00:00,0.13748811,-0.10609913,-84.0,1.0237308,-0.015742538,497.5752,0.1759854,467466681.0,-0.906787,5005.0,-2.3176525,75898113.0,-95.0,580.0351,12.0,-0.49326363,0.0062069413,2.9474604,,,,,,
2024-09-16 13:04:57+00:00,0.34171656,0.19626933,-0.67532414,1.0191725,0.0,497.5171,-0.102632985,467466592.0,1.0387051,5013.0,2.120191,75897927.0,-1.3342104,580.0435,12.0,-0.4985148,0.0,2.9558563,67.0,2800.0,,,,
2024-09-16 13:04:58+00:00,-0.56627697,0.20254499,-0.79075027,1.021047,-0.021356147,497.67032,0.17038779,467466567.0,-1.3867038,4983.0,2.0203586,75897848.0,0.36844862,580.0135,12.0,-0.50735366,3.0,2.9258616,,,0.0,0.0,0.0,0.0
2024-09-16 13:04:59+00:00,-0.43628222,-0.084265165,-197.0,1.0242945,0.0,497.78394,0.117370054,467466464.0,-1.9396375,4981.0,-0.5988061,75897959.0,0.86439085,580.0107,12.0,-0.5041781,-0.026917892,2.923025,67.0,2800.0,,,,
2024-09-16 13:05:00+00:00,-0.110361464,0.18376204,-1.5737281,1.0213699,0.0,497.67032,-0.0021267908,467466296.0,-0.6039698,5024.0,1.637101,75898055.0,1.1942774,580.0544,12.0,-0.5110997,2.0,2.9667573,,,,,,
2024-09-16 13:05:01+00:00,0.38874757,-0.0006004413,-150.0,1.0205481,-0.0028670921,497.67032,0.049487684,467466164.0,-0.6158397,5037.0,-0.15435757,75898208.0,110.0,580.06665,12.0,-0.51346725,0.0,2.9789886,67.0,2800.0,,,,
2024-09-16 13:05:02+00:00,0.1844909,0.044921577,-161.0,1.0191292,0.0,497.64124,0.045438405,467466027.0,-0.18044883,5019.0,-0.009362623,75898354.0,1.1879871,580.04944,12.0,-0.51629955,0.018077297,2.9617915,,,,,,
2024-09-16 13:05:03+00:00,0.09926994,0.01513997,-1.5394542,1.0171052,-0.0049319253,497.525,0.052498795,467465889.0,-0.5418036,5001.0,0.117849804,75898507.0,111.0,580.0309,12.0,-0.51460505,2.0,2.9432127,67.0,2800.0,0.0,0.0,0.0,0.0
2024-09-16 13:05:04+00:00,0.4024245,0.007700393,-1.4846445,1.0125536,0.0,497.6756,-0.012212237,467465744.0,0.35396248,4985.0,-0.15706599,75898654.0,1.1591605,580.01495,12.0,-0.51138985,-0.012570425,2.9273117,,,,,,
2024-09-16 13:05:05+00:00,0.5349825,0.014883695,-1.4940643,1.0032578,-0.008194644,497.72845,0.04371301,467465609.0,-0.5414077,5027.0,0.16661443,75898806.0,1.1645226,580.0566,12.0,-0.5154376,0.0,2.9689128,67.0,2800.0,,,,
2024-09-16 13:05:06+00:00,0.78642803,-0.15437476,-114.0,0.99803203,0.0,497.7496,-0.19269125,467465478.0,3.9938657,5028.0,-2.2281246,75898950.0,73.0,580.0576,12.0,-0.51050025,-1.0,2.9699543,,,,,,
2024-09-16 13:05:07+00:00,-0.60276824,0.03973221,105.0,0.99721545,-0.008800193,497.42194,0.050297473,467465489.0,0.13140982,4982.0,-0.12967414,75898922.0,-0.6006364,580.0125,12.0,-0.5116941,0.009144429,2.9248915,67.0,2800.0,,,,
2024-09-16 13:05:08+00:00,-0.6690125,0.17930032,-0.97129023,0.9957265,0.0,497.50647,0.30809945,467465531.0,-3.0119336,4938.0,2.0259333,75898881.0,59.0,579.96844,13.0,-0.5177248,0.0,2.880777,,,0.0,0.0,0.0,0.0
2024-09-16 13:05:09+00:00,0.22608516,-0.030421102,-168.0,0.99129385,-0.01401933,497.45367,-0.111801594,467465386.0,1.5833241,4977.0,-0.48372042,75899031.0,138.0,580.0071,12.0,-0.52751106,-0.05107796,2.9194074,66.0,2800.0,,,,
2024-09-16 13:05:10+00:00,0.24039784,-0.0016251131,-113.0,0.99335563,0.0,497.89227,0.00016619671,467465261.0,0.2858586,5011.0,-0.4494881,75899186.0,0.97383255,580.04095,12.0,-0.52583355,0.013145407,2.9532976,,,,,,
2024-09-16 13:05:11+00:00,0.30223465,-0.008988206,-0.9701047,0.9929779,0.0,497.74695,-0.020321121,467465172.0,0.19126794,5028.0,-0.08433652,75899292.0,0.70549434,580.058,12.0,-0.5347124,0.03248978,2.970356,66.0,2800.0,,,,
2024-09-16 13:05:12+00:00,0.011745162,-0.06883741,-80.0,0.9907936,0.0,497.9557,0.03582612,467465108.0,0.029754639,4996.0,-2.6483598,75899355.0,0.12626588,580.0264,12.0,-0.5439744,-0.0032947925,2.9387796,,,,,,
2024-09-16 13:05:13+00:00,-0.5282069,-0.07950616,-0.775917,0.9917967,0.0047901003,497.599,0.13702269,467465039.0,-1.2614605,4998.0,-1.1853623,75899296.0,-0.9714731,580.0281,12.0,-0.5479044,0.008634846,2.9404585,66.0,2800.0,0.0,0.0,0.0,0.0
2024-09-16 13:05:14+00:00,-0.5292816,0.14557901,-67.0,0.9846783,0.027090922,497.58047,-0.1384692,467464940.0,0.7422802,4971.0,-0.09952519,75899133.0,-42.0,580.0006,12.0,-0.55522996,-0.030767271,2.9129562,,,,,,
2024-09-16 13:05:15+00:00,0.19533217,-0.056006476,73.0,0.9738505,0.0,497.70203,-0.17397226,467464933.0,2.582765,4993.0,-0.4334265,75899080.0,-60.0,580.02344,12.0,-0.5662573,-0.01014351,2.9357722,66.0,2800.0,,,,
2024-09-16 13:05:16+00:00,-0.32100695,0.03375044,121.0,0.9677739,-0.007337484,497.54086,0.058746826,467465045.0,0.059341054,4997.0,0.9690555,75898928.0,-1.4751493,580.0271,12.0,-0.5740677,2.0,2.939428,,,,,,
2024-09-16 13:05:17+00:00,0.13689336,0.03955679,1.5775305,0.9606948,-0.017114459,497.63068,-0.09896432,467465159.0,2.0809636,4994.0,0.6784322,75898736.0,-1.2226415,580.0241,12.0,-0.5793587,-0.0078558335,2.9364748,66.0,2800.0,,,,
2024-09-16 13:05:18+00:00,0.0020896085,-0.017827766,1.4890575,0.9546876,0.0,497.5144,-0.019353021,467465298.0,0.46394843,5002.0,0.13097982,75898597.0,-1.20177,580.03235,12.0,-0.5862271,0.003923416,2.9446936,,,0.0,0.0,0.0,0.0
2024-09-16 13:05:19+00:00,-0.53942853,0.04201217,161.0,0.94946444,-0.0006563602,497.599,0.017240295,467465436.0,0.2372344,4981.0,0.3019607,75898437.0,-121.0,580.0108,12.0,-0.5927355,2.0,2.9231687,66.0,2800.0,,,,
2024-09-16 13:05:20+00:00,-0.6442496,-0.012920347,1.5648509,0.94688874,0.0,497.4933,-0.04403617,467465573.0,0.80547875,4967.0,-0.55503595,75898291.0,-1.2122893,579.9966,12.0,-0.60073084,0.0,2.9089408,,,,,,
2024-09-16 13:05:21+00:00,-0.85137004,0.018635957,153.0,0.9462559,0.006819837,497.52765,0.03689207,467465719.0,-0.8415944,4963.0,0.4373057,75898140.0,-1.208532,579.99335,12.0,-0.6060454,3.0,2.9057307,66.0,2800.0,,,,
2024-09-16 13:05:22+00:00,-0.49452466,-0.04486077,158.0,0.94731224,0.011118062,497.45895,-0.04860026,467465853.0,-0.09727291,4960.0,-0.16665405,75897996.0,-1.2692523,579.9905,12.0,-0.6059287,-0.037661698,2.9028356,,,,,,
2024-09-16 13:05:23+00:00,-0.27293205,0.026901795,139.0,0.94796884,0.0,497.4695,-0.0014853849,467465994.0,-0.031716496,4987.0,0.43487975,75897830.0,-1.1633625,580.0174,12.0,-0.60982937,-3.0,2.9297564,66.0,2800.0,0.0,0.0,0.0,0.0
2024-09-16 13:05:24+00:00,0.053236663,0.007171377,1.5428007,0.94246346,0.0,497.525,-0.02552087,467466126.0,-0.7181865,5008.0,0.7448619,75897675.0,-1.1448101,580.0378,12.0,-0.6169301,0.009131936,2.9501119,,,,,,
2024-09-16 13:05:25+00:00,-0.36351478,0.074161656,87.0,0.9385936,0.010321829,497.50912,0.058527194,467466243.0,-0.7473793,4999.0,0.80335605,75897547.0,-56.0,580.0292,12.0,-0.6184216,0.008936713,2.9415302,65.0,2800.0,,,,
2024-09-16 13:05:26+00:00,-0.14614661,-0.051918726,70.0,0.9325482,-0.00016678394,497.72052,0.031330034,467466308.0,-1.8951863,5006.0,-0.33810723,75897485.0,-0.69956493,580.03564,12.0,-0.62434655,0.0,2.947974,,,,,,
2024-09-16 13:05:27+00:00,-0.58849835,-0.1223846,-104.0,0.9255598,0.0,497.5884,0.12424848,467466301.0,-1.8521007,4992.0,-1.0337741,75897379.0,-110.0,580.0219,12.0,-0.63314825,-0.0030314932,2.9342592,65.0,2800.0,,,,
2024-09-16 13:05:28+00:00,-0.32032925,0.23466878,-31.0,0.9189789,-0.006906085,497.67032,-0.12098542,467466212.0,0.24445671,5006.0,1.5814891,75897188.0,-104.0,580.0361,12.0,-0.632827,0.0030844624,2.9484413,,,0.0,0.0,0.0,0.0
2024-09-16 13:05:29+00:00,0.21116115,0.14318922,-69.0,0.9135404,0.0,497.7892,0.16373447,467466185.0,-1.829329,5008.0,1.9500732,75897159.0,0.20232074,580.0376,12.0,-0.6349211,1.0,2.9499362,65.0,2800.0,,,,
2024-09-16 13:05:30+00:00,0.5197748,-0.055019993,-202.0,0.90571165,-0.0027875607,497.91342,-0.04013019,467466050.0,0.7686521,5060.0,0.13773377,75897280.0,0.6074151,580.0904,12.0,-0.63986456,0.06276029,3.002718,,,,,,
2024-09-16 13:05:31+00:00,0.814095,0.14089787,-133.0,0.8969985,0.0,497.7892,0.06639345,467465900.0,-1.0288934,5035.0,2.500416,75897368.0,1.0586557,580.0649,12.0,-0.64903194,5.0,2.9772458,65.0,2800.0,,,,
2024-09-16 13:05:32+00:00,0.37025812,-0.00225659,-1.5973307,0.892353,-0.0066890432,497.5197,0.05224393,467465769.0,-0.6968537,5033.0,0.2302058,75897525.0,1.0683769,580.0632,12.0,-0.65689254,0.03184247,2.975529,,,,,,
2024-09-16 13:05:33+00:00,0.6763617,0.017557843,-159.0,0.88972867,0.0,497.50385,0.008788998,467465630.0,-0.36008188,5013.0,0.43194368,75897668.0,1.1719791,580.0426,12.0,-0.66030735,0.0,2.954958,65.0,2800.0,0.0,0.0,0.0,0.0
2024-09-16 13:05:34+00:00,0.4580069,0.055404067,-1.558663,0.88865995,0.0,497.7496,0.057385426,467465494.0,-1.0427974,4997.0,0.9174273,75897808.0,1.1927035,580.0271,12.0,-0.6741839,0.0,2.9394386,,,,,,
2024-09-16 13:05:35+00:00,1.1412174,0.019623322,-1.5820974,0.88823706,0.0,497.17093,-0.0028235163,467465352.0,0.09042436,5018.0,-0.010588944,75897963.0,1.2235066,580.0485,12.0,-0.681477,0.004735844,2.9608734,65.0,2900.0,,,,
2024-09-16 13:05:36+00:00,0.083457835,0.034089565,-1.6018541,0.8895783,0.0,497.7364,0.091558084,467465219.0,-0.4188647,5009.0,0.5060821,75898117.0,1.1975236,580.0386,12.0,-0.67891437,0.007839176,2.9509559,,,,,,
2024-09-16 13:05:37+00:00,0.13917407,0.055469017,-144.0,0.88872653,-0.0003662404,497.9002,0.0018641303,467465072.0,0.0625451,4993.0,0.6047015,75898261.0,1.1875094,580.0232,12.0,-0.6862879,-0.008503684,2.935575,65.0,2900.0,,,,
2024-09-16 13:05:38+00:00,-0.03920245,0.026314503,-1.592591,0.891213,0.0,497.94513,0.08173468,467464941.0,-0.030187666,4982.0,-0.27293152,75898418.0,129.0,580.0122,12.0,-0.69522876,-0.01700683,2.9245532,,,0.0,0.0,0.0,0.0
2024-09-16 13:05:39+00:00,0.6749376,-0.058617104,-91.0,0.89371103,0.0,497.8368,-0.06242906,467464813.0,0.7995666,5022.0,-0.7845164,75898560.0,73.0,580.0523,12.0,-0.6935948,1.0,2.9646802,65.0,2900.0,,,,
2024-09-16 13:05:40+00:00,0.7088785,-0.0027902967,-0.7190611,0.89202195,0.0,497.6518,0.045114577,467464749.0,-0.4009782,5024.0,-1.7222599,75898630.0,51.0,580.05396,12.0,-0.69256413,0.025052313,2.966295,,,,,,
2024-09-16 13:05:41+00:00,0.2855754,-0.14579716,-0.68270046,0.89416367,0.0010855849,497.39816,0.122824796,467464688.0,-0.7226118,5022.0,-1.9083607,75898607.0,-112.0,580.05237,12.0,-0.68900836,4.0,2.9647336,64.0,2900.0,,,,
2024-09-16 13:05:42+00:00,0.659021,0.16671892,-90.0,0.8981927,0.0,497.4933,-0.15868355,467464591.0,0.9823017,4993.0,0.77210736,75898440.0,-68.0,580.02313,12.0,-0.68127006,-0.0063332156,2.9354925,,,,,,
2024-09-16 13:05:43+00:00,0.53228456,-0.06857447,7.0,0.8990779,0.0,497.80774,-0.16583312,467464556.0,1.5696967,5006.0,-1.0142602,75898383.0,-56.0,580.0363,12.0,-0.6799953,-0.0036067022,2.9486744,64.0,2900.0,0.0,0.0,0.0,0.0
2024-09-16 13:05:44+00:00,0.014429301,-0.12829551,136.0,0.90209866,-0.019879406,497.70203,-0.0018442748,467464634.0,-0.69263864,4996.0,0.18006153,75898269.0,-1.5073653,580.02625,12.0,-0.67911315,-0.004390708,2.9386194,,,,,,
2024-09-16 13:05:45+00:00,-0.1740754,0.074492805,1.3054943,0.90215665,0.0,497.77866,-0.10885079,467464750.0,1.2396579,4967.0,0.81317115,75898063.0,-1.3373744,579.9974,12.0,-0.67989856,-1.0,2.909759,64.0,2900.0,,,,
2024-09-16 13:05:46+00:00,0.2705096,-0.03824918,142.0,0.9073028,0.016379068,497.71524,0.018805131,467464887.0,0.26781765,4978.0,-0.19024055,75897919.0,-1.1825367,580.00757,12.0,-0.6725816,-0.019153595,2.9199238,,,,,,
2024-09-16 13:05:47+00:00,0.011993781,0.00076178525,158.0,0.9097852,0.0,497.68353,-0.026717965,467465022.0,0.5706935,4998.0,0.22022822,75897761.0,-124.0,580.0278,12.0,-0.6684609,2.0,2.9401388,64.0,2900.0,,,,
2024-09-16 13:05:48+00:00,-0.1251938,-0.00853015,144.0,0.9103015,0.0,497.6518,-0.013668205,467465160.0,0.29885423,4987.0,-0.37814438,75897613.0,-104.0,580.01697,12.0,-0.6692651,0.0,2.929324,,,0.0,0.0,0.0,0.0
2024-09-16 13:05:49+00:00,0.0064546093,0.0074150497,1.5862975,0.9109319,0.037945114,497.61746,0.019994492,467465299.0,0.09299594,4995.0,-0.22448394,75897469.0,-116.0,580.0246,12.0,-0.6712418,0.0,2.9369373,64.0,2900.0,,,,
2024-09-16 13:05:50+00:00,-0.11276352,-0.014124953,147.0,0.9092856,0.019039402,497.599,-0.016863998,467465434.0,0.6729471,5003.0,-0.68568015,75897323.0,-1.2042481,580.03326,12.0,-0.67348075,1.0,2.9456043,,,,,,
2024-09-16 13:05:51+00:00,-0.10010332,0.009342395,151.0,0.909663,0.0,497.6677,0.02618396,467465572.0,-0.22270456,4986.0,0.0077103674,75897170.0,-117.0,580.0165,12.0,-0.6711954,0.0,2.92885,64.0,2900.0,,,,
2024-09-16 13:05:52+00:00,-0.11242406,-0.018482275,148.0,0.9081156,-0.015349813,497.42722,-0.052035335,467465704.0,0.6664111,4985.0,-0.2501212,75897016.0,-1.1929922,580.01483,12.0,-0.67127246,0.0,2.9271677,,,,,,
2024-09-16 13:05:53+00:00,-0.32883757,0.08449428,1.2986143,0.9073401,0.0,497.72314,0.09937727,467465840.0,-1.1312323,4974.0,1.066469,75896865.0,-91.0,580.0042,12.0,-0.6701718,0.0,2.9165373,64.0,2900.0,0.0,0.0,0.0,0.0
2024-09-16 13:05:54+00:00,0.06439093,-0.020144917,65.0,0.9040098,0.0080056945,497.6756,-0.022653691,467465918.0,0.086455375,4987.0,-0.42895076,75896787.0,-0.5730768,580.0172,12.0,-0.6729886,-0.0102171935,2.9295743,,,,,,
2024-09-16 13:05:55+00:00,0.2410498,-0.06007998,-0.2501201,0.90190804,0.0,497.5144,0.22671181,467465956.0,-3.4573073,5003.0,-0.20930928,75896702.0,-0.7842065,580.03326,12.0,-0.6741308,0.0060969424,2.945615,64.0,2900.0,,,,
2024-09-16 13:05:56+00:00,0.4728225,0.154339,-83.0,0.89551264,0.0,497.5646,-0.12849021,467465867.0,1.0669435,5023.0,3.1468973,75896517.0,-157.0,580.053,12.0,-0.68472356,-3.0,2.9653609,,,,,,
2024-09-16 13:05:57+00:00,-0.07169893,0.2061364,-38.0,0.89019525,0.0,497.57782,0.14409879,467465826.0,-1.7177217,4985.0,3.0445304,75896426.0,38.0,580.0147,12.0,-0.6913822,-0.011090702,2.9270923,64.0,2900.0,,,,
2024-09-16 13:05:58+00:00,0.6578937,-0.11453978,-1.8301055,0.885677,0.0,497.7311,0.07395641,467465724.0,0.8673043,5016.0,-0.9402096,75896551.0,81.0,580.04584,12.0,-0.69819283,0.020945419,2.9581614,,,0.0,0.0,0.0,0.0
2024-09-16 13:05:59+00:00,0.11126146,0.21350601,-146.0,0.87891966,0.0,497.85263,0.0016247815,467465558.0,-0.039241374,5029.0,2.1977026,75896623.0,60.0,580.05945,12.0,-0.70729107,2.0,2.9718158,63.0,2900.0,,,,
2024-09-16 13:06:00+00:00,0.58527285,-0.017805248,-148.0,0.8713134,0.0,497.6624,0.03425829,467465424.0,-0.46481913,5025.0,-0.09182805,75896774.0,1.0722586,580.05475,12.0,-0.7136669,-2.0,2.967078,,,,,,
2024-09-16 13:06:01+00:00,0.35192466,0.05616466,-1.6258801,0.8688459,-0.017240392,497.6439,0.03483912,467465288.0,-0.44915956,5028.0,0.5767372,75896921.0,1.1646947,580.0578,12.0,-0.7157537,0.02747671,2.970171,63.0,2900.0,,,,
2024-09-16 13:06:02+00:00,0.72629046,0.02637652,-149.0,0.8669722,0.0,497.4933,0.03376133,467465151.0,-0.4655106,5031.0,0.3854076,75897071.0,107.0,580.0609,12.0,-0.7118966,0.030861378,2.9732797,,,,,,
2024-09-16 13:06:03+00:00,0.21786845,0.019620383,-164.0,0.86250335,-0.013345443,497.71524,0.011655828,467465012.0,-0.25881702,5012.0,0.34405383,75897217.0,1.1943892,580.0416,12.0,-0.718242,0.015670152,2.9539692,63.0,2900.0,0.0,0.0,0.0,0.0
2024-09-16 13:06:04+00:00,0.089597255,0.029608022,-158.0,0.85995436,0.0,498.0191,0.028725475,467464871.0,-0.31774348,4994.0,0.7459121,75897367.0,1.1676903,580.0243,12.0,-0.71473616,-0.004644551,2.9366467,,,,,,
2024-09-16 13:06:05+00:00,-0.042202115,0.015322874,-154.0,0.85113746,-0.001064731,498.101,-0.019120071,467464725.0,0.6568786,4989.0,-0.044165194,75897519.0,117.0,580.01904,12.0,-0.71657234,0.0,2.9314198,63.0,2900.0,,,,
2024-09-16 13:06:06+00:00,-0.0006762445,0.052480746,-139.0,0.8455856,0.00085079536,497.77072,0.09022501,467464596.0,-0.82231396,4989.0,0.28922588,75897671.0,1.2075102,580.01904,12.0,-0.717931,0.0,2.9314036,,,,,,
2024-09-16 13:06:07+00:00,0.39163715,-0.04500936,-111.0,0.845853,0.0,497.65714,-0.09032338,467464467.0,0.99209774,5005.0,-0.64891326,75897817.0,0.9366015,580.035,12.0,-0.7151016,0.0002845935,2.9473224,63.0,2900.0,,,,
2024-09-16 13:06:08+00:00,-0.27097136,0.033338234,-73.0,0.8458268,0.0,497.97946,0.055359315,467464395.0,-0.25447774,4986.0,0.21236283,75897897.0,53.0,580.01587,12.0,-0.7110877,2.0,2.928205,,,0.0,0.0,0.0,0.0
2024-09-16 13:06:09+00:00,0.87739766,-0.22133498,-0.6842406,0.8421305,0.0063365824,497.70993,0.00041613885,467464328.0,0.22781569,5024.0,-3.385334,75897927.0,-0.4291257,580.0536,12.0,-0.70974654,0.0069895107,2.9659429,63.0,2900.0,,,,
2024-09-16 13:06:10+00:00,0.34016883,0.15297155,-1.0354631,0.8393221,0.0,497.52765,-0.04189177,467464242.0,-2.0253325,5017.0,-0.5203687,75897761.0,-118.0,580.04663,12.0,-0.71071374,0.017178336,2.9589841,,,,,,
2024-09-16 13:06:11+00:00,0.06230914,-0.08847623,-25.0,0.8376412,0.01000197,497.58575,-0.07907016,467464182.0,0.08935392,4997.0,-1.396325,75897680.0,-35.0,580.0268,12.0,-0.7069304,0.0,2.939169,63.0,2900.0,,,,
2024-09-16 13:06:12+00:00,0.060558096,-0.17059074,1.3239046,0.83647686,0.0,497.67297,-0.10588284,467464228.0,0.318701,4989.0,-1.5805837,75897592.0,-111.0,580.01904,12.0,-0.70971066,0.0,2.931405,,,,,,
2024-09-16 13:06:13+00:00,-0.11058877,0.058695957,109.0,0.8324146,0.0,497.91605,0.017688286,467464353.0,-0.12814516,4980.0,0.7730997,75897392.0,-139.0,580.0097,12.0,-0.71412814,1.0,2.9220552,63.0,2900.0,0.0,0.0,0.0,0.0
2024-09-16 13:06:14+00:00,0.3710816,0.21869305,65.0,0.8336569,-0.00705408,497.91077,0.20425303,467464449.0,-2.6567335,4984.0,4.3263426,75897228.0,-0.28006676,580.0141,12.0,-0.7103001,-4.0,2.9264445,,,,,,
2024-09-16 13:06:15+00:00,-0.67112076,-0.09894756,-0.33349484,0.8272916,-0.02483322,497.7311,-0.035123244,467464436.0,0.27476698,4992.0,-0.56048435,75897286.0,121.0,580.02246,12.0,-0.7109959,-0.025404382,2.934803,62.0,2900.0,,,,
2024-09-16 13:06:16+00:00,-0.4355435,-0.19490084,121.0,0.8272146,-0.005912339,497.81564,-0.24088423,467464437.0,1.3453422,5027.0,-1.2687157,75897324.0,-1.0209231,580.0571,12.0,-0.706191,7.0,2.9694715,,,,,,
2024-09-16 13:06:17+00:00,-0.3645513,0.08114594,129.0,0.8269237,-0.013065055,497.5567,0.0920839,467464580.0,-1.0273453,4954.0,1.1657019,75897134.0,-122.0,579.98444,12.0,-0.70295036,0.0,2.89679,62.0,2900.0,,,,
2024-09-16 13:06:18+00:00,0.30060226,0.13777559,0.8465385,0.8208984,0.0,497.69675,0.10254746,467464692.0,-3.0213258,4991.0,2.6569128,75896988.0,-90.0,580.021,12.0,-0.7029076,-0.0065160566,2.933366,,,0.0,0.0,0.0,0.0
2024-09-16 13:06:19+00:00,-1.0000805,0.028331056,-91.0,0.8150658,0.0,498.02704,0.042342428,467464705.0,-1.3809521,4994.0,1.0727974,75896989.0,79.0,580.02405,12.0,-0.701313,1.0,2.9363892,62.0,2900.0,,,,
2024-09-16 13:06:20+00:00,-0.0069292635,-0.20166026,104.0,0.81407523,-0.006962823,497.75223,-0.29070365,467464676.0,1.875414,5044.0,-1.7286495,75897037.0,-0.8150373,580.07446,12.0,-0.6973984,5.0,2.9868186,,,,,,
2024-09-16 13:06:21+00:00,0.08594804,0.08193669,150.0,0.81518155,0.0,497.62274,0.1039591,467464821.0,-1.409698,4975.0,1.1873136,75896881.0,-120.0,580.0054,12.0,-0.6989281,0.0017815458,2.917719,62.0,2900.0,,,,
2024-09-16 13:06:22+00:00,-0.39984167,-0.0068963906,1.4780087,0.8123092,-0.025103413,497.78656,-0.008806042,467464952.0,0.1498808,4969.0,-0.056298755,75896729.0,-119.0,579.9989,12.0,-0.6957521,-0.03167616,2.9112258,,,,,,
2024-09-16 13:06:23+00:00,0.06748259,-0.02036962,142.0,0.80949736,0.0,497.87378,-0.041097023,467465081.0,0.3892586,4990.0,0.17733984,75896571.0,-1.1494195,580.02014,12.0,-0.6976173,-1.0,2.9324985,62.0,2900.0,0.0,0.0,0.0,0.0
2024-09-16 13:06:24+00:00,0.035957947,0.022353295,1.5503918,0.8090179,-0.0008858726,497.61746,0.00038468576,467465219.0,0.3269195,5009.0,0.13267067,75896411.0,-1.080016,580.0391,12.0,-0.6963667,0.0,2.9514878,,,,,,
2024-09-16 13:06:25+00:00,0.003515521,-0.02736233,157.0,0.80648345,0.0,497.7073,-0.044664297,467465353.0,0.8150065,5008.0,-0.43474126,75896271.0,-115.0,580.0376,12.0,-0.6996015,0.011873777,2.9499454,62.0,2900.0,,,,
2024-09-16 13:06:26+00:00,-0.22595821,0.07959599,0.96912557,0.8029029,0.025517512,497.7364,0.074909516,467465482.0,-0.45793062,5005.0,0.656227,75896132.0,-78.0,580.0355,12.0,-0.7047079,1.0,2.9478912,,,,,,
2024-09-16 13:06:27+00:00,-0.31354785,-0.019797793,73.0,0.7989278,0.0,498.04553,-0.026520627,467465552.0,0.29310718,5000.0,-0.19428861,75896059.0,-0.552916,580.03015,12.0,-0.7059416,-0.0004626397,2.9425323,62.0,2900.0,,,,
2024-09-16 13:06:28+00:00,-0.15450865,-0.0568448,-0.8006325,0.7944278,0.002613107,497.50385,0.19452357,467465578.0,-1.5650177,5007.0,-2.339223,75895975.0,-1.0855831,580.0374,12.0,-0.7082754,0.0076354113,2.9497654,,,0.0,0.0,0.0,0.0
2024-09-16 13:06:29+00:00,0.4299642,0.18083875,-0.7496616,0.7903263,0.0,497.6809,-0.1359224,467465491.0,1.1410154,5016.0,1.5258123,75895796.0,-157.0,580.04584,12.0,-0.70736337,-2.0,2.9581923,62.0,2900.0,,,,
2024-09-16 13:06:30+00:00,-0.11266685,0.18476681,-0.78826654,0.78995645,0.009928334,497.7892,0.15589394,467465462.0,-1.5230231,5003.0,1.7047265,75895708.0,0.30211282,580.0326,12.0,-0.70994556,0.0024429343,2.9449291,,,,,,
2024-09-16 13:06:31+00:00,-0.029854462,-0.0640859,-194.0,0.78894645,0.0,497.82623,0.11930767,467465361.0,-2.1449401,5018.0,-0.37133852,75895814.0,95.0,580.0482,12.0,-0.711079,0.004053686,2.9605668,61.0,2900.0,,,,
2024-09-16 13:06:32+00:00,0.16183722,0.17755131,-1.6387545,0.78825516,0.0,497.7945,-0.0039031093,467465194.0,-0.7185803,5033.0,2.3466854,75895904.0,1.1465094,580.0632,12.0,-0.71299887,1.0,2.9755511,,,,,,
2024-09-16 13:06:33+00:00,0.20211235,0.007860026,-1.5536613,0.78553206,0.0033770034,497.92133,0.040203992,467465057.0,-0.38698387,5000.0,0.07570666,75896045.0,108.0,580.0302,12.0,-0.7183099,0.0,2.9425368,61.0,2900.0,0.0,0.0,0.0,0.0
2024-09-16 13:06:34+00:00,-0.18250093,0.06698317,-162.0,0.781839,0.005367962,497.97684,0.02047351,467464916.0,-0.10953015,4973.0,0.373783,75896188.0,119.0,580.0032,12.0,-0.7286332,-0.02619367,2.9155476,,,,,,
2024-09-16 13:06:35+00:00,0.9824833,0.036206726,-134.0,0.7758345,0.0045226724,497.39554,0.06480777,467464783.0,-0.8776456,5012.0,0.45919436,75896343.0,107.0,580.04193,12.0,-0.7336497,-3.0,2.954302,61.0,3000.0,,,,
2024-09-16 13:06:36+00:00,0.08474343,0.026959304,-1.5773826,0.7749599,0.0005992246,498.0297,0.033236463,467464650.0,0.26176882,5014.0,0.05019754,75896491.0,1.186226,580.0436,12.0,-0.74326646,3.0,2.9559321,,,,,,
2024-09-16 13:06:37+00:00,0.029632077,0.054949455,-150.0,0.77821267,0.0067192144,497.84998,0.040275265,467464511.0,-0.39626643,5011.0,0.66267073,75896637.0,1.1807672,580.04126,12.0,-0.75566995,3.0,2.9536195,61.0,3000.0,,,,
2024-09-16 13:06:38+00:00,0.13391924,0.009094635,-1.4860618,0.7771959,0.00047179122,497.8315,0.00389009,467464370.0,-0.07893941,4995.0,0.19507425,75896795.0,120.0,580.0252,12.0,-0.7646805,0.0,2.9375339,,,0.0,0.0,0.0,0.0
2024-09-16 13:06:39+00:00,-0.13129991,0.06529315,-1.4938277,0.7790302,0.0002833858,497.8579,0.074310176,467464233.0,-0.42060402,4987.0,0.3685158,75896947.0,114.0,580.017,12.0,-0.76418746,-0.0069265366,2.9293938,61.0,3000.0,,,,
2024-09-16 13:06:40+00:00,0.29016283,-0.070364445,-115.0,0.7752719,0.0,497.82886,-0.10213161,467464094.0,0.8103083,5004.0,-0.73353434,75897100.0,0.7297155,580.03436,12.0,-0.7713878,0.006399471,2.9467316,,,,,,
2024-09-16 13:06:41+00:00,-0.007012937,0.04715998,-0.67234,0.77352387,0.0,497.7628,0.050152224,467464023.0,-0.30358878,4999.0,0.4576606,75897181.0,47.0,580.02893,12.0,-0.77056223,0.004918576,2.9412894,61.0,3000.0,,,,
2024-09-16 13:06:42+00:00,-0.15508214,-0.20318373,-72.0,0.7715425,0.0,497.54877,0.007124859,467463959.0,-0.8012622,5011.0,-1.5076498,75897203.0,-0.9275423,580.04083,12.0,-0.76995105,0.010357928,2.953174,,,,,,
2024-09-16 13:06:43+00:00,0.108415544,0.1787312,-123.0,0.7681667,0.0080451025,497.55142,-0.093878604,467463869.0,0.43495455,5002.0,1.8235972,75897034.0,-1.1624651,580.0319,12.0,-0.770435,-0.0001282228,2.9442704,61.0,3000.0,0.0,0.0,0.0,0.0
2024-09-16 13:06:44+00:00,0.36230406,-0.065043606,-3.0,0.7651284,0.0,497.73904,-0.15595545,467463813.0,2.7012398,5003.0,-0.7458621,75896957.0,-0.6545828,580.0332,12.0,-0.7703982,0.006834517,2.9455833,,,,,,
2024-09-16 13:06:45+00:00,-0.08216475,-0.16840161,138.0,0.76404536,0.0,497.60428,-0.045496415,467463879.0,1.3104951,4998.0,-2.7461784,75896870.0,-132.0,580.0278,12.0,-0.7717465,-0.001745999,2.9401073,61.0,3000.0,,,,
2024-09-16 13:06:46+00:00,-0.08349049,0.07811145,102.0,0.76478976,0.0,497.59106,-0.055039037,467463996.0,2.3980303,4976.0,0.65133655,75896662.0,-139.0,580.00574,12.0,-0.7696723,-0.024290852,2.9181056,,,,,,
2024-09-16 13:06:47+00:00,-0.33009434,-0.031507425,150.0,0.7653924,-0.03489346,497.75488,0.019538717,467464124.0,-0.10872397,4970.0,-0.46049935,75896510.0,-1.1432838,580.0002,12.0,-0.76619434,-1.0,2.9125123,61.0,3000.0,,,,
2024-09-16 13:06:48+00:00,0.066988885,-0.0009431099,152.0,0.76235086,0.0,497.58047,-0.052764863,467464255.0,0.282023,4996.0,0.32865292,75896360.0,-1.1962262,580.0263,12.0,-0.76703036,-1.0,2.9386854,,,0.0,0.0,0.0,0.0
2024-09-16 13:06:49+00:00,-0.066755906,0.0020905172,146.0,0.76144665,-0.024382735,497.74432,-0.009562914,467464393.0,0.20599794,4994.0,0.12995072,75896203.0,-1.1278988,580.0236,12.0,-0.76728624,-0.007291986,2.9359963,60.0,3000.0,,,,
2024-09-16 13:06:50+00:00,-0.095256306,0.0068641584,1.6237248,0.7572527,-0.009084653,497.5567,-0.027609529,467464530.0,-0.028678596,4998.0,0.53584695,75896051.0,-1.1676975,580.028,12.0,-0.77139723,0.0,2.9403746,,,,,,
2024-09-16 13:06:51+00:00,-0.054039516,0.0036785866,149.0,0.75614476,0.010205608,497.44574,-0.020689577,467464669.0,0.26525795,5003.0,0.16679382,75895899.0,-1.0989823,580.0327,12.0,-0.7753521,0.0,2.9450774,60.0,3000.0,,,,
2024-09-16 13:06:52+00:00,-0.20468685,0.031969972,1.5248367,0.75339866,0.02307279,497.5884,0.012248481,467464810.0,-0.3980525,4999.0,0.701663,75895747.0,-121.0,580.0292,12.0,-0.7815006,-0.0026490388,2.941521,,,,,,
2024-09-16 13:06:53+00:00,-0.09426285,-0.004462664,1.515101,0.75011396,0.0,497.6439,-0.03151428,467464947.0,0.3363152,4985.0,-0.07689105,75895601.0,-1.1346793,580.0151,12.0,-0.78623974,-1.0,2.9274046,60.0,3000.0,0.0,0.0,0.0,0.0
2024-09-16 13:06:54+00:00,-0.094011724,0.08656361,1.1274761,0.7437893,0.02101108,497.5752,0.09468741,467465084.0,-1.0278172,4988.0,0.91884947,75895455.0,-0.8894144,580.0178,12.0,-0.79512006,0.0,2.930174,,,,,,
2024-09-16 13:06:55+00:00,-0.11005965,-0.0033747768,64.0,0.7379385,0.0,497.47742,-0.013640478,467465167.0,-0.32023054,4992.0,0.17260836,75895368.0,-47.0,580.02234,12.0,-0.80569905,-0.011033562,2.9346821,60.0,3000.0,,,,
2024-09-16 13:06:56+00:00,-0.0491818,-0.025281334,-0.36523974,0.73510903,0.0,497.75223,0.25383577,467465218.0,-2.7576232,5006.0,-0.03189908,75895290.0,-84.0,580.03564,12.0,-0.8098344,0.005088066,2.9480178,,,,,,
2024-09-16 13:06:57+00:00,0.13825709,-0.030745702,-105.0,0.7316968,0.0,497.30835,-0.09622728,467465148.0,0.45673767,5012.0,-1.192236,75895147.0,-1.4280325,580.0417,12.0,-0.8159139,-3.0,2.9540431,60.0,3000.0,,,,
2024-09-16 13:06:58+00:00,0.395566,0.11313981,-9.0,0.7292229,-0.005944269,497.65445,0.085035436,467465098.0,-2.0371807,4990.0,1.3332983,75894999.0,-37.0,580.0198,12.0,-0.8174254,-0.008197998,2.9321163,,,0.0,0.0,0.0,0.0
2024-09-16 13:06:59+00:00,-0.4247213,0.05058794,-1.0467281,0.7289194,0.0,497.64917,0.19637111,467465044.0,-2.3499005,5000.0,1.1710563,75895040.0,0.6111229,580.0301,12.0,-0.81764597,0.0,2.9424243,60.0,3000.0,,,,
2024-09-16 13:07:00+00:00,0.12058842,-0.034310535,-90.0,0.72946674,-0.008028734,497.488,-0.1908876,467464909.0,0.8998349,5021.0,0.21410829,75895133.0,12.0,580.0513,12.0,-0.82063043,0.0,2.9635987,,,,,,
2024-09-16 13:07:01+00:00,0.21639441,0.01501863,31.0,0.7381654,0.0,497.69937,0.020071337,467464887.0,0.3539993,4992.0,-0.14469117,75895137.0,0.034959048,580.0223,12.0,-0.820119,-0.01930589,2.934635,60.0,3000.0,,,,
2024-09-16 13:07:02+00:00,0.0921985,0.020499302,-10.0,0.743375,0.005274864,497.67297,0.03439582,467464902.0,-0.04955733,5013.0,0.06029843,75895132.0,3.0,580.04297,12.0,-0.8198384,0.0,2.955298,,,,,,
2024-09-16 13:07:03+00:00,-0.12799668,0.034113526,-0.010056244,0.7483963,0.0,497.89755,0.01594214,467464898.0,-0.118974656,5014.0,0.32600024,75895131.0,2.0,580.0441,12.0,-0.82209444,0.002017467,2.9564538,60.0,3000.0,0.0,0.0,0.0,0.0
2024-09-16 13:07:04+00:00,-0.2619037,-0.000145093,-5.0,0.75245315,-0.002346326,497.79184,0.01601783,467464895.0,0.054465413,5006.0,0.2553812,75895135.0,-1.0,580.0364,12.0,-0.8272535,2.0,2.94873,,,,,,
2024-09-16 13:07:05+00:00,-0.60802114,0.025891837,-3.0,0.75226176,-0.0065430966,497.77338,-0.014480562,467464889.0,0.24369818,5024.0,0.3007854,75895131.0,3.0,580.0543,12.0,-0.8295825,-0.030122459,2.9666533,60.0,3000.0,,,,
2024-09-16 13:07:06+00:00,-3.231184,0.009915965,0.015542103,0.74990267,1.7613964e-05,498.94128,0.026363518,467464891.0,-0.39315537,6128.0,0.12075718,75895135.0,0.0,581.1578,12.0,-0.8336048,-223.0,4.0701017,,,,,,
2024-09-16 13:07:07+00:00,0.7970869,0.036717363,-0.006351143,0.7538242,0.008294573,501.40393,0.026592713,467464890.0,-0.17948873,8491.0,0.40484,75895128.0,-4.0,583.52057,12.0,-0.8377717,-189.0,6.432937,59.0,3000.0,,,,
2024-09-16 13:07:08+00:00,2.0094569,0.16358145,0.4693804,0.7535081,0.38330993,502.3525,-0.14769086,467464886.0,1.6970702,9767.0,3.9475827,75895127.0,24.0,584.79736,12.0,-0.8386402,0.08270039,7.7097254,,,0.0,0.0,0.0,0.0
2024-09-16 13:07:09+00:00,0.035741746,-0.076033995,84.0,0.74875265,1.2255057,501.4541,-0.024668714,467464925.0,2.2225235,9697.0,0.93815035,75895285.0,1.7625747,584.727,12.0,-0.8452635,6.0,7.639348,59.0,3000.0,,,,
2024-09-16 13:07:10+00:00,0.40403557,0.049711596,0.88632333,0.75418556,1.110409,501.85312,-0.112288035,467465014.0,0.14606635,9507.0,1.8530248,75895497.0,1.7928835,584.5367,12.0,-0.8552154,-0.091806695,7.449046,,,,,,
2024-09-16 13:07:11+00:00,0.4370951,0.04709578,83.0,0.75784725,1.1239127,502.04602,-0.045501333,467465101.0,-0.23369497,9537.0,0.7281016,75895711.0,1.8315966,584.56757,12.0,-0.86848706,-0.095564105,7.4799023,59.0,3000.0,,,,
2024-09-16 13:07:12+00:00,0.49756816,0.039353773,0.8082438,0.7612059,1.1254116,502.0962,-0.070800066,467465176.0,-0.052117895,9629.0,0.96372795,75895937.0,171.0,584.6588,12.0,-0.8779802,-3.0,7.5711784,,,,,,
2024-09-16 13:07:13+00:00,0.45545182,0.034536432,0.818842,0.7633401,1.110409,501.80554,-0.07507655,467465250.0,-0.007498797,9662.0,0.9440274,75896161.0,1.8246914,584.6925,12.0,-0.8848582,-3.0,7.604862,59.0,3000.0,0.0,0.0,0.0,0.0
2024-09-16 13:07:14+00:00,0.71924293,0.046579476,83.0,0.76945204,1.110409,501.43826,-0.07141644,467465327.0,-0.052595887,9676.0,0.92236197,75896386.0,174.0,584.7057,12.0,-0.9013736,-6.0,7.618048,,,,,,
2024-09-16 13:07:15+00:00,-0.0054298937,0.052924376,90.0,0.7778351,1.110409,502.38953,-0.063926995,467465408.0,-0.35698488,9685.0,0.6943201,75896619.0,185.0,584.7152,12.0,-0.9179184,-0.04491352,7.627556,59.0,3000.0,,,,
2024-09-16 13:07:16+00:00,0.09947923,0.03145192,0.8058833,0.7858822,1.110409,502.43442,-0.049985953,467465487.0,-0.22683844,9716.0,0.48799616,75896861.0,182.0,584.7458,12.0,-0.9287117,-2.0,7.658151,,,,,,
2024-09-16 13:07:17+00:00,-0.09909496,0.053953793,0.80719095,0.801654,1.1058803,502.77264,-0.056605194,467465568.0,-0.36013746,9744.0,0.7600825,75897096.0,1.8020118,584.77454,12.0,-0.9474085,-0.042807598,7.686883,59.0,3000.0,,,,
2024-09-16 13:07:18+00:00,-0.1485155,0.045577656,0.8138745,0.8098125,1.110409,502.61676,-0.053818446,467465646.0,-0.19257772,9770.0,0.5538908,75897332.0,1.7903615,584.8003,12.0,-0.95936877,-0.04609106,7.7126226,,,0.0,0.0,0.0,0.0
2024-09-16 13:07:19+00:00,-0.14781816,0.040558536,82.0,0.81571823,1.1077816,502.51105,-0.058338802,467465722.0,-0.07012288,9792.0,0.73720694,75897566.0,1.8105332,584.82227,12.0,-0.9678331,-0.04948114,7.7346497,59.0,3000.0,,,,
2024-09-16 13:07:20+00:00,-0.25409687,0.042122785,86.0,0.8232215,1.1059422,502.58237,-0.05576031,467465800.0,-0.12348195,9828.0,0.599329,75897802.0,180.0,584.8579,12.0,-0.97751176,-0.045293175,7.7702556,,,,,,
2024-09-16 13:07:21+00:00,-0.28296265,0.03937884,0.8662661,0.8285299,1.110409,502.67224,-0.051790167,467465880.0,-0.103016704,9856.0,0.6179563,75898038.0,182.0,584.8856,12.0,-0.98492897,-0.048856854,7.797945,59.0,3000.0,,,,
2024-09-16 13:07:22+00:00,-0.30157942,0.041108634,0.85865885,0.8352995,1.110409,502.7145,-0.050587133,467465960.0,-0.12315717,9887.0,0.6137594,75898275.0,1.7791983,584.9169,12.0,-0.99365866,-0.042118788,7.82921,,,,,,
2024-09-16 13:07:23+00:00,-0.4576912,0.031466287,86.0,0.83894503,1.1076323,502.60617,-0.05353469,467466038.0,0.023727946,9919.0,0.564684,75898511.0,179.0,584.94946,12.0,-0.99941194,-3.0,7.861813,58.0,3000.0,0.0,0.0,0.0,0.0
2024-09-16 13:07:24+00:00,-0.35021186,0.024406107,0.7656391,0.84211445,1.110409,502.78583,0.042400364,467466116.0,-0.63789964,9940.0,-0.9342703,75898748.0,172.0,584.97034,12.0,-1.0019233,-2.0,7.882716,,,,,,
2024-09-16 13:07:25+00:00,-0.036969334,0.041787848,0.49121922,0.8458604,1.110409,502.79642,0.0178233,467466172.0,-0.50182384,9974.0,-0.102615654,75898910.0,77.0,585.0036,12.0,-1.0075912,-0.026969261,7.91598,58.0,3000.0,,,,
2024-09-16 13:07:26+00:00,2.2121663,0.014337666,0.24575949,0.84766227,1.2713542,502.64316,-0.0072474815,467466198.0,-0.0462732,9974.0,-0.11848956,75898989.0,0.44659021,585.0046,12.0,-1.0157303,12.0,7.9169025,,,,,,
2024-09-16 13:07:27+00:00,2.7624836,0.006334106,0.19845042,0.8424186,2.1844392,501.73157,-0.015224957,467466207.0,0.28620258,9165.0,0.12113628,75899034.0,0.28284737,584.1947,12.0,-1.018787,166.0,7.1070743,58.0,3000.0,,,,
2024-09-16 13:07:28+00:00,-0.8998128,-0.024745652,-1.0,0.8451185,2.9807537,500.31262,-0.012860104,467466211.0,0.74536246,7446.0,0.52861005,75899052.0,12.0,582.476,12.0,-1.0250276,135.0,5.3883405,,,0.0,0.0,0.0,0.0
2024-09-16 13:07:29+00:00,-0.61343855,0.011146483,0.16520207,0.84003985,-2.7694998,499.09717,0.014919956,467466212.0,0.83327633,6200.0,0.07589244,75899073.0,13.0,581.2305,12.0,-1.0306257,0.9209449,4.142904,58.0,3100.0,,,,
2024-09-16 13:07:30+00:00,0.5740626,0.006033848,0.07809672,0.83311874,-2.2826326,498.52115,-0.014203846,467466221.0,0.3293674,5444.0,0.061134912,75899088.0,-0.045007657,580.4742,12.0,-1.0257043,68.0,3.3865535,,,,,,
2024-09-16 13:07:31+00:00,0.32741243,0.01390917,0.05988585,0.82594514,-2.2826326,497.84735,0.028801534,467466224.0,0.58356845,4813.0,0.09284653,75899088.0,-0.03445731,579.84344,12.0,-1.0225693,0.7385,2.7557933,58.0,3100.0,,,,
2024-09-16 13:07:32+00:00,-0.07393339,0.014026177,7.0,0.8175686,-2.2967067,497.26868,-0.011317433,467466231.0,0.01997009,4114.0,0.04888524,75899095.0,-0.086084306,579.1444,12.0,-1.0146629,0.74236673,2.0567362,,,,,,
2024-09-16 13:07:33+00:00,0.20314108,-0.009020275,0.0,0.8110305,-2.2826326,496.4575,0.010619089,467466239.0,-0.027686954,3385.0,0.18591058,75899089.0,-0.060763046,578.4151,12.0,-1.0104489,0.7283961,1.3274617,58.0,3100.0,0.0,0.0,0.0,0.0
2024-09-16 13:07:34+00:00,-0.003705591,0.009191946,-5.0,0.80498195,-2.2725983,495.8577,0.0069556646,467466239.0,0.18290985,2665.0,-0.04268025,75899089.0,-0.048254114,577.6952,12.0,-1.006539,69.0,0.60753715,,,,,,
2024-09-16 13:07:35+00:00,-0.061086804,0.020721652,-3.0,0.7974948,-2.2826326,495.31863,-0.001598244,467466235.0,0.19570321,1971.0,-0.13350865,75899093.0,1.0,577.00055,12.0,-1.0011394,0.7024621,-0.087082155,58.0,3100.0,,,,
2024-09-16 13:07:36+00:00,-0.27604192,0.006391158,-0.025839824,0.79052126,-2.2826326,494.5497,0.0042846147,467466234.0,0.17129916,1282.0,-0.17525913,75899093.0,0.0,576.31165,12.0,-0.9991064,0.7063744,-0.7760202,,,,,,
2024-09-16 13:07:37+00:00,-0.022464268,0.026454862,0.0,0.77980334,-2.2736304,493.49808,0.0034209678,467466234.0,0.2276701,576.0,-0.37240693,75899096.0,-0.08321944,575.6062,12.0,-0.9895805,72.0,-1.481431,58.0,3100.0,,,,
2024-09-16 13:07:38+00:00,8.876258,0.007537584,-0.06753873,0.7698624,-2.2826326,488.72607,-0.03273821,467466239.0,0.4518571,-103.0,-0.23442635,75899097.0,-0.09171509,574.92566,12.0,-0.9769215,0.77835053,-2.1619818,,,0.0,0.0,0.0,0.0
2024-09-16 13:07:39+00:00,100.0,0.004001257,0.0,0.7608561,-2.2749326,492.12408,-0.028246345,467466239.0,0.0,-287.0,0.0,75899096.0,0.0,574.7421,12.0,-0.9586028,7.0,-2.3455422,57.0,3100.0,,,,
2024-09-16 13:07:40+00:00,100.0,0.0016030349,0.0,0.7635052,-2.2684736,492.50986,-0.02953948,467466239.0,0.0,-276.0,0.0,75899096.0,0.0,574.7526,12.0,-0.95095605,2.0,-2.3350022,,,,,,
2024-09-16 13:07:41+00:00,100.0,0.0011198252,0.0,0.7638642,-2.2639403,492.38834,-0.029449442,467466240.0,0.0,-257.0,0.0,75899096.0,0.0,574.77234,12.0,-0.95087934,0.0,-2.3153381,57.0,3100.0,,,,
2024-09-16 13:07:42+00:00,100.0,0.0009631979,0.0,0.76421076,-2.259438,492.8507,-0.029551188,467466240.0,0.0,2.0,0.0,75899097.0,0.0,574.77594,12.0,-0.95080364,0.0,-2.3117218,,,,,,
2024-09-16 13:07:43+00:00,100.0,0.0008702622,0.0,0.7645443,-2.2550964,492.82166,-0.029371375,467466240.0,0.0,-4.0,0.0,75899097.0,0.0,574.76855,12.0,-0.95073086,0.0,-2.3191094,57.0,3100.0,0.0,0.0,0.0,0.0
2024-09-16 13:07:44+00:00,100.0,0.00068357866,0.0,0.7648118,-2.2507777,492.69482,-0.029450018,467466240.0,0.0,0.0,0.0,75899097.0,0.0,574.77313,12.0,-0.95067084,0.0,-2.3145385,,,,,,
2024-09-16 13:07:45+00:00,100.0,0.0004561914,0.0,0.7650691,-2.2480068,492.75824,-0.029790055,467466240.0,0.0,7.0,0.0,75899096.0,0.0,574.78107,12.0,-0.95061314,0.0,-2.306605,57.0,3100.0,,,,
2024-09-16 13:07:46+00:00,100.0,0.00048508774,0.0,0.7652962,-2.242515,492.72656,-0.02990743,467466239.0,0.0,21.0,0.0,75899096.0,0.0,574.7951,12.0,-0.95056206,0.0,-2.2925658,,,,,,
2024-09-16 13:07:47+00:00,100.0,0.000379114,0.0,0.7654937,-2.239907,492.81903,-0.029868912,467466238.0,0.0,31.0,0.0,75899096.0,0.0,574.8046,12.0,-0.950518,0.0,-2.283021,57.0,3100.0,,,,
2024-09-16 13:07:48+00:00,100.0,0.00045968845,0.0,0.7656864,-2.2347498,492.75034,-0.029677164,467466237.0,0.0,34.0,0.0,75899097.0,0.0,574.8082,12.0,-0.9504749,0.0,-2.2794118,,,0.0,0.0,0.0,0.0
2024-09-16 13:07:49+00:00,100.0,0.000627427,0.0,0.7658469,-2.2322674,492.7556,-0.029655853,467466236.0,0.0,30.0,0.0,75899098.0,0.0,574.80414,12.0,-0.9504392,0.0,-2.2834816,57.0,3100.0,,,,
2024-09-16 13:07:50+00:00,100.0,0.00053070346,0.0,0.76600516,-2.2275147,492.82166,-0.029715104,467466235.0,0.0,33.0,0.0,75899099.0,0.0,574.80664,12.0,-0.950404,0.0,-2.2809994,,,,,,
2024-09-16 13:07:51+00:00,100.0,0.0005642864,0.0,0.76613563,-2.2239695,492.71332,-0.029772902,467466233.0,0.0,34.0,0.0,75899100.0,0.0,574.8083,12.0,-0.950375,0.0,-2.2793415,57.0,3100.0,,,,
2024-09-16 13:07:52+00:00,100.0,0.0006069183,0.0,0.7662664,-2.220499,492.89038,-0.029739214,467466231.0,0.0,37.0,0.0,75899101.0,0.0,574.81104,12.0,-0.9503464,0.0,-2.2766066,,,,,,
2024-09-16 13:07:53+00:00,100.0,0.00061943394,0.0,0.7663725,-2.2170773,492.80054,-0.029644284,467466230.0,0.0,42.0,0.0,75899102.0,0.0,574.8156,12.0,-0.95032334,0.0,-2.2720575,57.0,3100.0,0.0,0.0,0.0,0.0
2024-09-16 13:07:54+00:00,100.0,0.0005861935,0.0,0.7664727,-2.2136989,492.73712,-0.029678898,467466229.0,0.0,45.0,0.0,75899104.0,0.0,574.81885,12.0,-0.95030123,0.0,-2.268772,,,,,,
2024-09-16 13:07:55+00:00,100.0,0.0004089961,0.0,0.76655823,-2.210567,492.56534,-0.0297875,467466228.0,0.0,-5.0,0.0,75899105.0,0.0,574.8131,12.0,-0.9502825,0.0,-2.274551,57.0,3100.0,,,,
2024-09-16 13:07:56+00:00,100.0,0.00036339113,0.0,0.76662457,-2.207366,492.61557,-0.029755104,467466227.0,0.0,-16.0,0.0,75899106.0,0.0,574.80206,12.0,-0.9502681,1.0,-2.285562,,,,,,
2024-09-16 13:07:57+00:00,100.0,0.00047221052,0.0,0.76669,-2.2054665,492.70276,-0.029773321,467466226.0,0.0,-18.0,0.0,75899107.0,0.0,574.8001,12.0,-0.9502539,0.0,-2.2875075,57.0,3100.0,,,,
2024-09-16 13:07:57.833000+00:00,100.0,0.0004929638,0.0,0.7667433,-2.2020133,492.679,-0.029858517,467466224.0,0.0,-15.0,0.0,75899108.0,0.0,574.80365,12.0,-0.95024234,0.0,-2.2839832,,,,,,
